{
  "experiment": "aligned_gmu_doppler",
  "acc_mean": 0.6978062157221206,
  "acc_std": 0.009160171361724359,
  "f1_mean": 0.6950310368394229,
  "f1_std": 0.00863745457989568,
  "test_subjects": [
    4,
    9,
    13,
    18
  ]
}