class,f1_mean,f1_std,n_seeds
0,1.0,0.0,5
1,0.8333493192358912,0.033739742414810564,5
2,0.8802412348955176,0.01946629442466167,5
3,1.0,0.0,5
4,1.0,0.0,5
