{
  "experiment": "aligned_imu",
  "acc_mean": 0.6923217550274223,
  "acc_std": 0.026613216407168804,
  "f1_mean": 0.6865433547493669,
  "f1_std": 0.025065680329460174,
  "test_subjects": [
    4,
    9,
    13,
    18
  ]
}