{
  "experiment": "aligned_late_amp",
  "acc_mean": 0.6241316270566728,
  "acc_std": 0.03519581402914331,
  "f1_mean": 0.6100142987620637,
  "f1_std": 0.03430215231210904,
  "test_subjects": [
    4,
    9,
    13,
    18
  ]
}