{
  "experiment": "aligned_gmu_amp",
  "acc_mean": 0.6876599634369287,
  "acc_std": 0.02422432820526394,
  "f1_mean": 0.6879827343951549,
  "f1_std": 0.022886394389292585,
  "test_subjects": [
    4,
    9,
    13,
    18
  ]
}