{
  "experiment": "aligned_wifi_amp_easy",
  "acc_mean": 0.4254364089775561,
  "acc_std": 0.05026654533648401,
  "f1_mean": 0.3952853695944895,
  "f1_std": 0.06118505581248089,
  "test_subjects": [
    4,
    9,
    13,
    18
  ]
}