{
  "experiment": "aligned_gmu_amp_easy",
  "acc_mean": 0.9047381546134664,
  "acc_std": 0.020744772412055277,
  "f1_mean": 0.9066905626635935,
  "f1_std": 0.01974433318251763,
  "test_subjects": [
    4,
    9,
    13,
    18
  ]
}