{
  "experiment": "aligned_imu_easy",
  "acc_mean": 0.914214463840399,
  "acc_std": 0.03268640873378742,
  "f1_mean": 0.9152655023067247,
  "f1_std": 0.03246170510672006,
  "test_subjects": [
    4,
    9,
    13,
    18
  ]
}