{
  "experiment": "aligned_late_doppler",
  "acc_mean": 0.6595063985374771,
  "acc_std": 0.022822192730797795,
  "f1_mean": 0.6511110291581537,
  "f1_std": 0.023280216133722845,
  "test_subjects": [
    4,
    9,
    13,
    18
  ]
}