{
  "experiment": "aligned_late_amp_easy",
  "acc_mean": 0.9057356608478802,
  "acc_std": 0.006919918666090566,
  "f1_mean": 0.907365462897943,
  "f1_std": 0.006816101490658906,
  "test_subjects": [
    4,
    9,
    13,
    18
  ]
}